RANK,NAME,INDUSTRY,REVENUE (USD MILLIONS),REVENUE GROWTH,EMPLOYEES,HEADQUARTERS
1,WALMART,RETAIL,"6,80,985",5.10%,"21,00,000","BENTONVILLE, ARKANSAS"
2,AMAZON,RETAIL AND CLOUD COMPUTING,"6,37,959",11.00%,"15,56,000","SEATTLE, WASHINGTON"
3,UNITEDHEALTH GROUP,HEALTHCARE,"4,00,278",7.70%,"4,00,000","MINNETONKA, MINNESOTA"
4,APPLE,TECHNOLOGY,"3,91,035",2.00%,"1,64,000","CUPERTINO, CALIFORNIA"
5,CVS HEALTH,HEALTHCARE,"3,72,809",4.20%,"2,59,500","WOONSOCKET, RHODE ISLAND"
6,BERKSHIRE HATHAWAY,CONGLOMERATE,"3,71,433",1.90%,"3,92,400","OMAHA, NEBRASKA"
7,ALPHABET,TECHNOLOGY AND CLOUD COMPUTING,"3,50,018",13.90%,"1,83,323","MOUNTAIN VIEW, CALIFORNIA"
8,EXXON MOBIL,PETROLEUM,"3,49,595",1.50%,"60,900","SPRING, TEXAS"
9,MCKESSON CORPORATION,HEALTHCARE,"3,08,951",11.70%,"48,000","IRVING, TEXAS"
10,CENCORA,PHARMACY WHOLESALE,"2,93,959",12.10%,"44,000","CONSHOHOCKEN, PENNSYLVANIA"
11,JPMORGAN CHASE,FINANCIALS,"2,78,906",16.50%,"3,17,233","NEW YORK CITY, NEW YORK"
12,COSTCO WHOLESALE,RETAIL,"2,54,453",5.00%,"3,33,000","ISSAQUAH, WASHINGTON"
13,CIGNA,HEALTH INSURANCE,"2,47,121",26.60%,"72,398","BLOOMFIELD, CONNECTICUT"
14,MICROSOFT,TECHNOLOGY AND CLOUD COMPUTING,"2,45,122",15.70%,"2,28,000","REDMOND, WASHINGTON"
15,CARDINAL HEALTH,HEALTHCARE,"2,26,827",10.60%,"48,411","DUBLIN, OHIO"
16,CHEVRON,PETROLEUM,"2,02,792",0.90%,"45,298","HOUSTON, TEXAS"
17,BANK OF AMERICA,FINANCIALS,"1,92,434",11.90%,"2,13,193","CHARLOTTE, NORTH CAROLINA"
18,GENERAL MOTORS,AUTOMOTIVE,"1,87,442",9.10%,"1,62,000","DETROIT, MICHIGAN"
19,FORD MOTOR,AUTOMOTIVE,"1,84,992",5.00%,"1,71,000","DEARBORN, MICHIGAN"
20,ELEVANCE HEALTH,HEALTHCARE,"1,77,011",3.30%,"1,03,679","INDIANAPOLIS, INDIANA"
21,CITIGROUP,FINANCIALS,"1,70,757",8.90%,"2,27,855","NEW YORK CITY, NEW YORK"
22,META PLATFORMS,TECHNOLOGY,"1,64,501",21.90%,"74,067","MENLO PARK, CALIFORNIA"
23,CENTENE,HEALTHCARE,"1,63,071",5.90%,"60,500","ST. LOUIS, MISSOURI"
24,THE HOME DEPOT,RETAIL,"1,59,514",4.50%,"4,70,100","ATLANTA, GEORGIA"
25,FANNIE MAE,FINANCIALS,"1,52,670",8.10%,"8,200","WASHINGTON, D.C."
26,WALGREENS BOOTS ALLIANCE,PHARMACEUTICAL,"1,47,658",6.20%,"2,52,500","DEERFIELD, ILLINOIS"
27,KROGER,RETAIL,"1,47,123",-1.90%,"4,09,000","CINCINNATI, OHIO"
28,PHILLIPS 66,PETROLEUM,"1,45,496",-2.90%,"13,200","HOUSTON, TEXAS"
29,MARATHON PETROLEUM,PETROLEUM,"1,40,412",-6.60%,"18,300","FINDLAY, OHIO"
30,VERIZON COMMUNICATIONS,TELECOMMUNICATIONS,"1,34,788",0.60%,"99,600","NEW YORK CITY, NEW YORK"
31,NVIDIA,TECHNOLOGY,"1,30,497",114.20%,"36,000","SANTA CLARA, CALIFORNIA"
32,GOLDMAN SACHS GROUP,FINANCIALS,"1,26,853",17.00%,"46,500","NEW YORK CITY, NEW YORK"
33,WELLS FARGO,FINANCIALS,"1,25,397",8.70%,"2,17,502","SAN FRANCISCO, CALIFORNIA"
34,VALERO ENERGY,PETROLEUM,"1,23,974",-10.80%,"9,910","SAN ANTONIO, TEXAS"
35,COMCAST,TELECOMMUNICATIONS,"1,23,731",1.80%,"1,82,000","PHILADELPHIA, PENNSYLVANIA"
36,STATE FARM INSURANCE,FINANCIALS,"1,22,951",18.00%,"67,381","BLOOMINGTON, ILLINOIS"
37,AT&T,CONGLOMERATE AND TELECOMMUNICATIONS,"1,22,336",-0.10%,"1,40,990","DALLAS, TEXAS"
38,FREDDIE MAC,FINANCIALS,"1,22,052",13.00%,"8,090","MCLEAN, VIRGINIA"
39,HUMANA,HEALTH INSURANCE,"1,17,761",10.70%,"65,680","LOUISVILLE, KENTUCKY"
40,MORGAN STANLEY,FINANCIALS,"1,07,285",11.50%,"80,478","NEW YORK CITY, NEW YORK"
41,TARGET,RETAIL,"1,06,566",-0.80%,"4,40,000","MINNEAPOLIS, MINNESOTA"
42,STONEX GROUP,FINANCIALS,"99,888",64.10%,"4,500","NEW YORK CITY, NEW YORK"
43,TESLA,AUTOMOTIVE AND ENERGY,"97,690",0.90%,"1,25,665","AUSTIN, TEXAS"
44,DELL TECHNOLOGIES,TECHNOLOGY,"95,567",8.10%,"1,08,000","ROUND ROCK, TEXAS"
45,PEPSICO,BEVERAGE,"91,854",0.40%,"3,19,000","PURCHASE, NEW YORK"
46,WALT DISNEY,MEDIA,"91,361",2.80%,"2,05,040","BURBANK, CALIFORNIA"
47,UNITED PARCEL SERVICE,TRANSPORTATION,"91,070",0.10%,"3,72,180","ATLANTA, GEORGIA"
48,JOHNSON & JOHNSON,PHARMACEUTICAL,"88,821",-6.70%,"1,38,100","NEW BRUNSWICK, NEW JERSEY"
49,FEDEX,TRANSPORTATION,"87,693",-2.70%,"4,22,100","MEMPHIS, TENNESSEE"
50,ARCHER DANIELS MIDLAND,FOOD INDUSTRY,"85,530",-8.90%,"43,213","CHICAGO, ILLINOIS"
51,PROCTER & GAMBLE,CONSUMER PRODUCTS MANUFACTURING,"84,039",2.50%,"1,08,000","CINCINNATI, OHIO"
52,LOWE'S,RETAIL,"83,674",-3.10%,"2,15,500","MOORESVILLE, NORTH CAROLINA"
53,ENERGY TRANSFER PARTNERS,PETROLEUM,"82,671",5.20%,"16,248","DALLAS, TEXAS"
54,RTX,AEROSPACE AND DEFENSE,"80,739",17.10%,"1,86,000","ARLINGTON COUNTY, VIRGINIA"
55,ALBERTSONS,RETAIL,"79,238",2.00%,"1,96,650","BOISE, IDAHO"
56,SYSCO,FOOD PROCESSING,"78,844",3.30%,"76,000","HOUSTON, TEXAS"
57,PROGRESSIVE,INSURANCE,"75,372",21.40%,"66,308","MAYFIELD VILLAGE, OHIO"
58,AMERICAN EXPRESS,FINANCIALS,"74,201",10.10%,"75,100","NEW YORK CITY, NEW YORK"
59,LOCKHEED MARTIN,AEROSPACE AND DEFENSE,"71,043",5.10%,"1,21,000","BETHESDA, MARYLAND"
60,METLIFE,FINANCIALS,"70,986",6.10%,"45,000","NEW YORK CITY, NEW YORK"
61,HCA HEALTHCARE,HEALTHCARE,"70,603",8.70%,"2,71,000","NASHVILLE, TENNESSEE"
62,PRUDENTIAL FINANCIAL,FINANCIALS,"70,405",30.40%,"37,936","NEWARK, NEW JERSEY"
63,BOEING,AEROSPACE AND DEFENSE,"66,517",-14.50%,"1,72,000","ARLINGTON COUNTY, VIRGINIA"
64,CATERPILLAR,MACHINERY,"64,809",-3.40%,"1,12,900","IRVING, TEXAS"
65,MERCK,PHARMACEUTICAL INDUSTRY,"64,168",6.70%,"74,000","KENILWORTH, NEW JERSEY"
66,ALLSTATE,INSURANCE,"64,106",12.30%,"55,200","NORTHFIELD TOWNSHIP, ILLINOIS"
67,PFIZER,PHARMACEUTICAL INDUSTRY,"63,627",8.80%,"81,000","NEW YORK CITY, NEW YORK"
68,IBM,TECHNOLOGY AND CLOUD COMPUTING,"62,753",1.40%,"2,84,500","ARMONK, NEW YORK"
69,NEW YORK LIFE INSURANCE COMPANY,INSURANCE,"62,639",15.30%,"15,131","NEW YORK CITY, NEW YORK"
70,DELTA AIR LINES,AIRLINE,"61,643",6.20%,"1,03,000","ATLANTA, GEORGIA"
71,PUBLIX SUPER MARKETS,RETAIL,"60,177",4.60%,"2,55,000","LAKELAND, FLORIDA"
72,NATIONWIDE MUTUAL INSURANCE COMPANY,FINANCIALS,"58,646",7.40%,"22,453","COLUMBUS, OHIO"
73,TD SYNNEX,INFORMATION TECHNOLOGY,"58,452",1.60%,"25,750","CLEARWATER, FLORIDA"
74,UNITED AIRLINES HOLDINGS,AIRLINE,"57,063",6.20%,"1,07,300","CHICAGO, ILLINOIS"
75,CONOCOPHILLIPS,PETROLEUM,"56,953",-2.80%,"11,800","HOUSTON, TEXAS"
76,TJX,RETAIL,"56,360",4.00%,"3,64,000","FRAMINGHAM, MASSACHUSETTS"
77,ABBVIE,PHARMACEUTICAL,"56,334",3.70%,"55,000","LAKE BLUFF, ILLINOIS"
78,ENTERPRISE PRODUCTS PARTNERS,PETROLEUM,"56,219",13.10%,"7,800","HOUSTON, TEXAS"
79,CHARTER COMMUNICATIONS,TELECOMMUNICATIONS,"55,085",0.90%,"94,500","STAMFORD, CONNECTICUT"
80,PERFORMANCE FOOD GROUP,FOOD PROCESSING,"54,681",2.50%,"36,815","RICHMOND, VIRGINIA"
81,AMERICAN AIRLINES GROUP,AIRLINE,"54,211",2.70%,"1,33,300","FORT WORTH, TEXAS"
82,CAPITAL ONE FINANCIAL,FINANCIALS,"53,938",9.00%,"52,600","TYSONS, VIRGINIA"
83,CISCO SYSTEMS,TELECOM HARDWARE MANUFACTURING,"53,803",-5.60%,"90,400","SAN JOSE, CALIFORNIA"
84,HP,TECHNOLOGY,"53,559",-0.30%,"58,000","PALO ALTO, CALIFORNIA"
85,TYSON FOODS,FOOD PROCESSING,"53,309",0.80%,"1,38,000","SPRINGDALE, ARKANSAS"
86,INTEL,TECHNOLOGY,"53,101",-2.10%,"1,08,900","SANTA CLARA, CALIFORNIA"
87,ORACLE,TECHNOLOGY,"52,961",6.00%,"1,59,000","AUSTIN, TEXAS"
88,BROADCOM,TECHNOLOGY,"52,432",46.40%,"37,000","PALO ALTO, CALIFORNIA"
89,DEERE,AGRICULTURE MANUFACTURING,"51,716",-15.60%,"55,524","MOLINE, ILLINOIS"
90,NIKE,APPAREL,"51,361",0.30%,"78,400","BEAVERTON, OREGON"
91,LIBERTY MUTUAL INSURANCE GROUP,INSURANCE,"50,429",-4.10%,"40,000","BOSTON, MASSACHUSETTS"
92,PLAINS GP HOLDINGS,PETROLEUM,"50,073",2.80%,"4,200","HOUSTON, TEXAS"
93,USAA,INSURANCE,"48,560",14.30%,"38,018","SAN ANTONIO, TEXAS"
94,BRISTOL-MYERS SQUIBB,PHARMACEUTICAL,"48,300",7.30%,"34,100","NEW YORK CITY, NEW YORK"
95,INGRAM MICRO HOLDING,TECHNOLOGY,"47,984",-0.10%,"26,125","IRVINE, CALIFORNIA"
96,GENERAL DYNAMICS,AEROSPACE AND DEFENSE,"47,716",12.90%,"1,17,000","RESTON, VIRGINIA"
97,COCA-COLA,BEVERAGE,"47,061",2.90%,"69,700","ATLANTA, GEORGIA"
98,TIAA,FINANCIALS,"46,946",2.60%,"15,623","NEW YORK CITY, NEW YORK"
99,TRAVELERS,INSURANCE,"46,423",12.20%,"34,000","NEW YORK CITY, NEW YORK"
100,ELI LILLY,PHARMACEUTICAL,"45,043",32.00%,"47,000","INDIANAPOLIS, INDIANA"
